City_ID,City,Country,Lat,Lng,Max Temp,Humidity,Cloudiness,Wind Speed,Current Description,Date
0,Beringovskiy,RU,63.05,179.3167,-14.64,87,6,12.59,clear sky,2022-02-08 01:36:44
1,Vao,NC,-22.6667,167.4833,80.89,85,12,17.52,few clouds,2022-02-08 01:36:45
2,Albany,US,42.6001,-73.9662,36.14,91,100,0.49,overcast clouds,2022-02-08 01:36:23
3,Filingue,NE,14.3521,3.3168,68.23,14,0,9.8,clear sky,2022-02-08 01:36:45
4,Havre-Saint-Pierre,CA,50.2334,-63.5986,15.8,85,100,8.05,overcast clouds,2022-02-08 01:36:46
5,Chapais,CA,49.7834,-74.8492,10.18,95,96,7.49,overcast clouds,2022-02-08 01:32:46
6,Tasiilaq,GL,65.6145,-37.6368,23.16,77,100,8.01,light snow,2022-02-08 01:36:47
7,Yebaishou,CN,41.3975,119.6408,26.55,38,0,3.31,clear sky,2022-02-08 01:36:47
8,Sitka,US,57.0531,-135.33,39.09,75,100,12.66,overcast clouds,2022-02-08 01:36:48
9,Mataura,NZ,-46.1927,168.8643,62.47,33,0,1.59,clear sky,2022-02-08 01:36:49
10,Fortuna,US,40.5982,-124.1573,55.42,86,0,11.5,clear sky,2022-02-08 01:36:49
11,Dikson,RU,73.5069,80.5464,6.35,88,100,25.55,overcast clouds,2022-02-08 01:36:50
12,Rikitea,PF,-23.1203,-134.9692,78.78,75,97,13.49,overcast clouds,2022-02-08 01:36:51
13,Jamestown,US,42.097,-79.2353,30.29,67,100,9.22,mist,2022-02-08 01:32:48
14,San Carlos De Bariloche,AR,-41.1456,-71.3082,67.75,26,75,18.41,broken clouds,2022-02-08 01:36:54
15,Kapaa,US,22.0752,-159.319,79.12,69,75,12.66,broken clouds,2022-02-08 01:36:54
16,Thompson,CA,55.7435,-97.8558,17.76,86,75,4.61,broken clouds,2022-02-08 01:36:55
17,Sao Filipe,CV,14.8961,-24.4956,72.46,75,5,5.03,clear sky,2022-02-08 01:36:55
18,San Patricio,US,28.017,-97.5169,59.94,53,6,9.51,clear sky,2022-02-08 01:36:56
19,Tuktoyaktuk,CA,69.4541,-133.0374,-34.6,67,20,6.91,few clouds,2022-02-08 01:36:57
20,Hermanus,ZA,-34.4187,19.2345,62.8,94,2,4.52,clear sky,2022-02-08 01:36:58
21,Ushuaia,AR,-54.8,-68.3,60.46,67,100,8.05,light rain,2022-02-08 01:36:58
22,Itamaraca,BR,-7.7478,-34.8256,82.45,71,3,7.99,clear sky,2022-02-08 01:36:59
23,New Norfolk,AU,-42.7826,147.0587,74.66,32,73,6.69,broken clouds,2022-02-08 01:36:59
24,Ribeira Grande,PT,38.5167,-28.7,60.03,71,99,8.88,overcast clouds,2022-02-08 01:37:00
25,Bronnoysund,NO,65.4625,12.1997,35.6,75,75,24.16,light snow,2022-02-08 01:37:01
26,Belmonte,BR,-15.8631,-38.8828,79.3,82,88,5.12,overcast clouds,2022-02-08 01:37:01
27,Venice,US,27.0998,-82.4543,64.98,88,0,11.5,clear sky,2022-02-08 01:32:46
28,Vaini,TO,-21.2,-175.2,77.16,94,100,10.36,moderate rain,2022-02-08 01:37:02
29,Zalesovo,RU,53.9939,84.7431,-9.54,100,64,3.09,broken clouds,2022-02-08 01:37:03
30,Cortez,US,37.3489,-108.5859,34.57,43,0,4.61,clear sky,2022-02-08 01:37:03
31,East London,ZA,-33.0153,27.9116,71.83,86,1,8.46,clear sky,2022-02-08 01:35:15
32,Pacific Grove,US,36.6177,-121.9166,65.55,82,0,3.44,clear sky,2022-02-08 01:33:28
33,Beckley,US,37.7782,-81.1882,37.89,60,0,4.61,clear sky,2022-02-08 01:33:18
34,Avarua,CK,-21.2078,-159.775,77.05,94,100,5.75,overcast clouds,2022-02-08 01:37:06
35,Punta Arenas,CL,-53.15,-70.9167,51.91,93,100,6.91,moderate rain,2022-02-08 01:37:07
36,Gusau,NG,12.1628,6.6614,66.52,17,10,9.46,clear sky,2022-02-08 01:37:07
37,Narsaq,GL,60.9167,-46.05,8.82,59,93,16.53,overcast clouds,2022-02-08 01:37:08
38,Xingcheng,CN,40.6167,120.7167,24.58,64,2,2.84,clear sky,2022-02-08 01:37:08
39,Qaanaaq,GL,77.484,-69.3632,-4.41,56,100,5.5,overcast clouds,2022-02-08 01:37:09
40,Atuona,PF,-9.8,-139.0333,78.21,75,4,16.04,clear sky,2022-02-08 01:37:09
41,Busselton,AU,-33.65,115.3333,72.05,63,89,6.6,overcast clouds,2022-02-08 01:37:10
42,Marquette,US,46.5333,-87.6335,13.44,82,70,3.27,broken clouds,2022-02-08 01:37:11
43,Bredasdorp,ZA,-34.5322,20.0403,65.52,88,12,3.44,few clouds,2022-02-08 01:34:13
44,Yellowknife,CA,62.456,-114.3525,-1.59,87,100,19.57,light snow,2022-02-08 01:37:11
45,Inhambane,MZ,-23.865,35.3833,74.75,87,56,10.22,broken clouds,2022-02-08 01:37:14
46,Bluff,NZ,-46.6,168.3333,62.8,75,21,13.94,few clouds,2022-02-08 01:37:14
47,Butaritari,KI,3.0707,172.7902,82.45,76,92,17.22,overcast clouds,2022-02-08 01:37:15
48,Khatanga,RU,71.9667,102.5,-12.21,94,100,11.48,overcast clouds,2022-02-08 01:37:16
49,Necochea,AR,-38.5473,-58.7368,58.03,82,0,7.38,clear sky,2022-02-08 01:37:16
50,George,ZA,-33.963,22.4617,63.95,100,75,2.3,broken clouds,2022-02-08 01:37:17
51,Petropavlovsk-Kamchatskiy,RU,53.0452,158.6483,28.99,74,75,6.71,broken clouds,2022-02-08 01:37:19
52,Vila Velha,BR,-20.3297,-40.2925,78.75,87,40,6.91,scattered clouds,2022-02-08 01:37:20
53,Mizdah,LY,31.4451,12.9801,49.06,74,11,4.29,few clouds,2022-02-08 01:37:20
54,Los Llanos De Aridane,ES,28.6585,-17.9182,60.55,77,0,11.5,clear sky,2022-02-08 01:37:21
55,Port Hawkesbury,CA,45.6169,-61.3485,33.39,98,100,5.75,fog,2022-02-08 01:37:21
56,Selenduma,RU,50.9131,106.2406,7.52,90,99,2.51,overcast clouds,2022-02-08 01:37:22
57,Airai,TL,-8.9266,125.4092,72.63,69,57,1.74,broken clouds,2022-02-08 01:37:24
58,Carnarvon,AU,-24.8667,113.6333,80.67,34,0,17.27,clear sky,2022-02-08 01:37:24
59,Calvinia,ZA,-31.4707,19.776,76.93,32,43,2.66,scattered clouds,2022-02-08 01:37:26
60,Georgetown,MY,5.4112,100.3354,82.33,90,20,5.01,few clouds,2022-02-08 01:37:26
61,Miraflores,MX,19.2167,-98.8083,63.01,62,69,1.07,broken clouds,2022-02-08 01:37:27
62,Barrow,US,71.2906,-156.7887,-27.38,62,0,6.91,haze,2022-02-08 01:37:28
63,Hithadhoo,MV,-0.6,73.0833,82.44,68,88,12.21,overcast clouds,2022-02-08 01:37:28
64,Bambous Virieux,MU,-20.3428,57.7575,75.45,94,75,4.61,light rain,2022-02-08 01:37:29
65,Sisimiut,GL,66.9395,-53.6735,-8.95,95,100,8.14,overcast clouds,2022-02-08 01:37:30
66,Vestmannaeyjar,IS,63.4427,-20.2734,29.91,79,100,47.33,snow,2022-02-08 01:37:30
67,Carutapera,BR,-1.195,-46.02,76.3,91,37,4.65,light rain,2022-02-08 01:37:31
68,Port Macquarie,AU,-31.4333,152.9167,74.89,57,62,6.58,broken clouds,2022-02-08 01:37:32
69,Outlook,CA,51.5001,-107.0513,38.89,83,99,16.49,overcast clouds,2022-02-08 01:37:32
70,Hualmay,PE,-11.0964,-77.6139,70.48,80,100,6.89,overcast clouds,2022-02-08 01:37:33
71,Upernavik,GL,72.7868,-56.1549,-9.94,93,100,14.18,overcast clouds,2022-02-08 01:37:33
72,Lamu,KE,-2.2717,40.902,77.22,88,95,10.89,overcast clouds,2022-02-08 01:37:34
73,Svetlogorsk,BY,52.6333,29.7333,31.14,92,100,5.66,overcast clouds,2022-02-08 01:37:35
74,Mahebourg,MU,-20.4081,57.7,75.49,94,75,4.61,broken clouds,2022-02-08 01:37:35
75,Nikolskoye,RU,59.7035,30.7861,33.69,99,98,0.89,light snow,2022-02-08 01:37:36
76,Borogontsy,RU,62.6683,131.1683,-23.4,96,99,1.36,overcast clouds,2022-02-08 01:37:36
77,Mednogorsk,RU,51.4128,57.595,17.01,96,100,4.72,light snow,2022-02-08 01:37:38
78,Severo-Kurilsk,RU,50.6789,156.125,32.76,86,37,7.56,scattered clouds,2022-02-08 01:37:39
79,Ilulissat,GL,69.2167,-51.1,6.82,66,75,16.11,light shower snow,2022-02-08 01:37:39
80,Yulara,AU,-25.2406,130.9889,85.84,54,100,10.36,overcast clouds,2022-02-08 01:37:42
81,Santa Maria Do Suacui,BR,-18.1903,-42.4142,68.81,95,100,2.35,overcast clouds,2022-02-08 01:37:43
82,Hobyo,SO,5.3505,48.5268,73.62,73,7,14.72,clear sky,2022-02-08 01:37:44
83,Richards Bay,ZA,-28.783,32.0377,69.67,89,16,4.65,few clouds,2022-02-08 01:37:44
84,Cabo San Lucas,MX,22.8909,-109.9124,74.5,56,0,3.44,clear sky,2022-02-08 01:37:45
85,Nome,US,64.5011,-165.4064,-7.53,54,0,17.27,clear sky,2022-02-08 01:33:17
86,Merin,CZ,49.3932,15.8838,35.76,55,97,19.35,overcast clouds,2022-02-08 01:37:46
87,Nzerekore,GN,7.7562,-8.8179,68.0,61,97,1.77,overcast clouds,2022-02-08 01:37:47
88,Puerto Rondon,CO,6.2805,-71.1,81.39,53,91,4.63,overcast clouds,2022-02-08 01:37:47
89,Kushima,JP,31.4583,131.2333,42.84,87,97,7.27,overcast clouds,2022-02-08 01:37:48
90,Avera,US,33.194,-82.5271,44.47,78,100,4.83,overcast clouds,2022-02-08 01:37:48
91,Pedasi,PA,7.5333,-80.0333,75.07,73,80,15.55,broken clouds,2022-02-08 01:37:48
92,Healdsburg,US,38.6105,-122.8692,69.73,63,0,6.91,clear sky,2022-02-08 01:37:49
93,Ardakan,IR,32.31,54.0175,35.98,39,0,0.47,clear sky,2022-02-08 01:37:50
94,Klaksvik,FO,62.2266,-6.589,34.72,63,97,39.77,overcast clouds,2022-02-08 01:37:50
95,Nagornskiy,RU,58.7731,57.5451,0.34,93,98,4.63,overcast clouds,2022-02-08 01:37:52
96,Ecoporanga,BR,-18.3733,-40.8306,72.63,96,100,2.86,overcast clouds,2022-02-08 01:37:54
97,Itaporanga,BR,-7.3044,-38.1503,81.27,53,66,1.32,broken clouds,2022-02-08 01:37:55
98,Port Elizabeth,ZA,-33.918,25.5701,62.89,94,0,8.05,clear sky,2022-02-08 01:37:55
99,Hobart,AU,-42.8794,147.3294,75.02,50,75,9.22,broken clouds,2022-02-08 01:37:56
100,Faanui,PF,-16.4833,-151.75,81.5,77,100,18.03,light rain,2022-02-08 01:37:56
101,Nanortalik,GL,60.1432,-45.2371,10.31,69,100,50.94,overcast clouds,2022-02-08 01:37:57
102,Lorengau,PG,-2.0226,147.2712,85.12,71,93,8.05,overcast clouds,2022-02-08 01:37:58
103,Abeche,TD,13.8292,20.8324,61.5,16,60,13.38,broken clouds,2022-02-08 01:37:58
104,Svetlyy,RU,54.675,20.1347,37.45,81,34,14.0,scattered clouds,2022-02-08 01:37:59
105,Sao Jose Da Coroa Grande,BR,-8.8978,-35.1478,78.04,76,9,6.38,clear sky,2022-02-08 01:38:00
106,Port Alfred,ZA,-33.5906,26.891,70.97,87,13,3.58,few clouds,2022-02-08 01:38:00
107,Amboasary,MG,-25.0333,46.3833,78.64,75,100,9.6,overcast clouds,2022-02-08 01:38:01
108,Lebu,CL,-37.6167,-73.65,60.12,83,67,14.23,broken clouds,2022-02-08 01:38:01
109,Tungor,RU,53.3808,142.9564,13.71,93,100,17.65,overcast clouds,2022-02-08 01:38:02
110,Broome,US,42.2506,-75.833,33.37,90,0,6.91,clear sky,2022-02-08 01:38:03
111,Stepnyak,KZ,52.8339,70.7803,4.98,97,65,9.06,broken clouds,2022-02-08 01:38:03
112,Touros,BR,-5.1989,-35.4608,81.5,71,5,11.21,clear sky,2022-02-08 01:38:04
113,Shingu,JP,33.7333,135.9833,43.92,67,100,2.91,overcast clouds,2022-02-08 01:38:04
114,Vanavara,RU,60.34,102.2797,-10.12,96,96,5.66,overcast clouds,2022-02-08 01:38:05
115,Katsuura,JP,35.1333,140.3,46.18,91,100,16.04,moderate rain,2022-02-08 01:38:06
116,Saskylakh,RU,71.9167,114.0833,-15.09,94,94,7.83,overcast clouds,2022-02-08 01:38:07
117,Esperance,AU,-33.8667,121.9,67.84,55,69,13.65,broken clouds,2022-02-08 01:38:07
118,Jumla,NP,29.2747,82.1838,27.99,75,9,5.17,clear sky,2022-02-08 01:38:08
119,Deputatskiy,RU,69.3,139.9,-32.58,96,85,3.49,overcast clouds,2022-02-08 01:38:08
120,Asau,RO,46.4333,26.4,35.4,86,100,5.77,overcast clouds,2022-02-08 01:38:09
121,Raasiku,EE,59.3664,25.1831,31.95,91,100,8.86,overcast clouds,2022-02-08 01:38:10
122,Okhotsk,RU,59.3833,143.3,9.88,76,100,7.2,overcast clouds,2022-02-08 01:38:10
123,Margate,GB,51.3813,1.3862,51.66,77,100,4.0,overcast clouds,2022-02-08 01:38:11
124,Mikhaylovka,RU,50.06,43.2379,32.79,97,100,12.82,light snow,2022-02-08 01:38:11
125,Simbakoro,SL,8.6,-11.0167,64.96,87,86,0.92,overcast clouds,2022-02-08 01:38:11
126,Codrington,AU,-38.2667,141.9667,85.69,21,3,12.17,clear sky,2022-02-08 01:38:12
127,Zhanaozen,KZ,43.3,52.8,25.66,84,10,3.49,clear sky,2022-02-08 01:38:12
128,Berlevag,NO,70.8578,29.0864,26.85,86,100,16.49,overcast clouds,2022-02-08 01:38:13
129,Cherdyn,RU,60.403,56.4787,-13.31,99,11,2.73,few clouds,2022-02-08 01:38:14
130,La Sarre,CA,48.8002,-79.1996,15.15,96,94,6.44,overcast clouds,2022-02-08 01:38:14
131,Vanderhoof,CA,54.0166,-124.0198,35.87,63,59,12.06,broken clouds,2022-02-08 01:38:15
132,Tessalit,ML,20.1986,1.0114,62.53,12,3,6.55,clear sky,2022-02-08 01:38:15
133,Zhezkazgan,KZ,47.8043,67.7144,6.78,85,100,0.0,fog,2022-02-08 01:38:16
134,Egvekinot,RU,66.3167,-179.1667,-17.79,72,0,12.3,clear sky,2022-02-08 01:38:17
135,Puerto Ayora,EC,-0.7393,-90.3518,72.79,82,16,5.48,few clouds,2022-02-08 01:38:17
136,Mariental,NA,-24.6333,17.9667,70.02,66,99,2.82,light rain,2022-02-08 01:38:18
137,Norman Wells,CA,65.282,-126.8329,-20.16,63,75,17.27,light snow,2022-02-08 01:36:36
138,Kodiak,US,57.79,-152.4072,36.91,87,100,18.41,mist,2022-02-08 01:38:18
139,Mayo,US,38.8876,-76.5119,40.08,93,100,9.22,light rain,2022-02-08 01:38:19
140,Lata,PT,40.1629,-8.3327,51.82,63,0,5.19,clear sky,2022-02-08 01:38:20
141,Coihaique,CL,-45.5752,-72.0662,64.35,63,100,5.75,overcast clouds,2022-02-08 01:38:20
142,Labuhan,ID,-6.8844,112.2051,83.16,75,73,5.01,broken clouds,2022-02-08 01:38:21
143,Aklavik,CA,68.2191,-135.0107,-33.77,90,100,7.92,overcast clouds,2022-02-08 01:38:21
144,Victoria,HK,22.2855,114.1577,63.25,85,95,8.99,overcast clouds,2022-02-08 01:34:34
145,Mabaruma,GY,8.2,-59.7833,73.74,86,56,3.76,broken clouds,2022-02-08 01:38:22
146,Guerrero Negro,MX,27.9769,-114.0611,67.55,35,0,5.77,clear sky,2022-02-08 01:38:23
147,Green River,US,41.5286,-109.4662,39.6,60,4,7.7,clear sky,2022-02-08 01:38:23
148,Erenhot,CN,43.6475,111.9767,10.09,69,2,9.62,clear sky,2022-02-08 01:38:24
149,Killybegs,IE,54.6333,-8.45,47.44,86,100,17.0,overcast clouds,2022-02-08 01:38:24
150,Singkang,MY,2.1006,102.7994,76.89,91,100,3.09,overcast clouds,2022-02-08 01:38:25
151,Kaeo,NZ,-35.1,173.7833,76.32,97,96,5.21,overcast clouds,2022-02-08 01:38:25
152,Saurimo,AO,-9.6608,20.3916,62.55,91,100,3.49,overcast clouds,2022-02-08 01:38:26
153,Baracoa,CU,20.3467,-74.4958,74.91,87,79,7.34,broken clouds,2022-02-08 01:38:26
154,Homer,US,59.6425,-151.5483,30.09,80,75,12.66,broken clouds,2022-02-08 01:38:27
155,Duvan,RU,55.695,57.9024,-0.15,100,93,1.28,overcast clouds,2022-02-08 01:38:30
156,Sisophon,KH,13.5859,102.9737,86.58,48,72,0.85,broken clouds,2022-02-08 01:38:31
157,Ponta Do Sol,PT,32.6667,-17.1,61.72,71,3,7.87,clear sky,2022-02-08 01:38:31
158,Souillac,MU,-20.5167,57.5167,75.58,94,75,4.61,broken clouds,2022-02-08 01:38:32
159,Cherskiy,RU,68.75,161.3,-31.09,98,31,2.75,scattered clouds,2022-02-08 01:38:32
160,Marsh Harbour,BS,26.5412,-77.0636,74.1,62,3,6.55,clear sky,2022-02-08 01:35:31
161,Kieta,PG,-6.2167,155.6333,84.96,76,100,9.91,light rain,2022-02-08 01:38:35
162,Namtsy,RU,62.7161,129.6658,-25.49,99,99,2.13,overcast clouds,2022-02-08 01:38:35
163,Polunochnoye,RU,60.8697,60.4153,-13.68,100,100,3.58,overcast clouds,2022-02-08 01:38:37
164,Kahului,US,20.8947,-156.47,82.42,66,20,21.85,few clouds,2022-02-08 01:36:58
165,Burnie,AU,-41.0667,145.9167,71.94,53,42,11.83,scattered clouds,2022-02-08 01:38:38
166,Longyearbyen,SJ,78.2186,15.6401,19.24,93,75,3.44,light snow,2022-02-08 01:38:39
167,Mahibadhoo,MV,3.7833,72.9667,81.5,68,100,15.59,overcast clouds,2022-02-08 01:38:39
168,Koungheul,SN,13.9833,-14.8,76.08,12,1,7.56,clear sky,2022-02-08 01:38:40
169,Maiduguri,NG,11.8464,13.1603,65.3,27,0,8.93,clear sky,2022-02-08 01:38:40
170,Coos Bay,US,43.3665,-124.2179,52.0,96,100,8.05,overcast clouds,2022-02-08 01:38:41
171,Omboue,GA,-1.5746,9.2618,77.77,88,56,5.73,broken clouds,2022-02-08 01:38:42
172,Chokurdakh,RU,70.6333,147.9167,-43.47,99,97,4.68,overcast clouds,2022-02-08 01:38:42
173,Murgab,TM,37.4966,61.9714,33.67,80,40,0.0,scattered clouds,2022-02-08 01:38:43
174,Wairoa,NZ,-39.0333,177.3667,71.55,92,99,4.0,overcast clouds,2022-02-08 01:38:43
175,Kalemie,CD,-5.9475,29.1947,68.74,87,100,0.85,light rain,2022-02-08 01:38:45
176,Varhaug,NO,58.6147,5.6457,45.95,85,100,24.05,overcast clouds,2022-02-08 01:38:45
177,Cape Town,ZA,-33.9258,18.4232,69.1,91,100,11.5,fog,2022-02-08 01:35:09
178,Tiksi,RU,71.6872,128.8694,-26.28,99,47,5.37,scattered clouds,2022-02-08 01:38:46
179,Praya,CV,14.9215,-23.5087,66.74,82,20,6.91,few clouds,2022-02-08 01:38:47
180,Pauini,BR,-7.7136,-66.9764,73.29,98,86,1.14,overcast clouds,2022-02-08 01:38:48
181,Provideniya,RU,64.3833,-173.3,-3.89,59,0,15.66,clear sky,2022-02-08 01:38:48
182,Zhigansk,RU,66.7697,123.3711,-27.0,95,100,12.95,overcast clouds,2022-02-08 01:38:49
183,Ushtobe,KZ,45.2514,77.9838,24.46,95,100,9.46,overcast clouds,2022-02-08 01:38:50
184,Nipawin,CA,53.3668,-104.0009,28.44,86,100,8.05,overcast clouds,2022-02-08 01:38:50
185,Gat,IL,31.61,34.7642,51.4,100,18,4.5,few clouds,2022-02-08 01:38:05
186,Nemuro,JP,43.3236,145.575,27.03,67,30,4.54,scattered clouds,2022-02-08 01:38:53
187,North Myrtle Beach,US,33.816,-78.68,43.11,91,100,6.91,overcast clouds,2022-02-08 01:38:40
188,Brae,GB,60.3964,-1.353,40.91,74,100,29.73,overcast clouds,2022-02-08 01:38:54
189,Constitucion,CL,-35.3333,-72.4167,57.6,93,34,8.03,scattered clouds,2022-02-08 01:38:54
190,Faya,SA,18.3851,42.4509,48.31,76,8,1.9,clear sky,2022-02-08 01:38:55
191,San Quintin,MX,30.4833,-115.95,60.67,44,0,4.56,clear sky,2022-02-08 01:38:55
192,Diego De Almagro,CL,-26.3667,-70.05,66.49,36,0,0.76,clear sky,2022-02-08 01:38:56
193,Lompoc,US,34.6391,-120.4579,66.34,66,0,8.05,clear sky,2022-02-08 01:38:56
194,Saint George,US,37.1041,-113.5841,57.79,22,0,0.0,clear sky,2022-02-08 01:36:26
195,Puerto Colombia,CO,10.9878,-74.9547,78.89,84,8,23.67,clear sky,2022-02-08 01:38:57
196,Mareeba,AU,-17.0,145.4333,82.49,78,39,4.52,scattered clouds,2022-02-08 01:38:58
197,Flinders,AU,-34.5833,150.8552,78.19,58,26,8.01,scattered clouds,2022-02-08 01:38:58
198,Barcelos,PT,41.5388,-8.6151,57.34,59,0,6.49,clear sky,2022-02-08 01:38:59
199,Omsukchan,RU,62.5333,155.8,-8.52,78,53,2.8,broken clouds,2022-02-08 01:39:01
200,Yerbogachen,RU,61.2767,108.0108,-17.14,100,94,5.23,overcast clouds,2022-02-08 01:39:01
201,Hasaki,JP,35.7333,140.8333,39.6,93,100,17.4,light rain,2022-02-08 01:39:02
202,Hailar,CN,49.2,119.7,3.76,94,97,6.89,overcast clouds,2022-02-08 01:39:02
203,Tayturka,RU,52.8692,103.4608,16.38,85,100,8.05,overcast clouds,2022-02-08 01:39:03
204,Chuy,UY,-33.6971,-53.4616,62.29,83,17,7.52,few clouds,2022-02-08 01:39:04
205,Nizhnyaya Tavda,RU,57.6731,66.1725,2.68,97,88,6.51,overcast clouds,2022-02-08 01:39:04
206,Vardo,NO,70.3705,31.1107,25.18,83,100,19.44,overcast clouds,2022-02-08 01:39:05
207,Sao Joao Da Barra,BR,-21.6403,-41.0511,76.84,88,100,9.71,overcast clouds,2022-02-08 01:34:44
208,Mar Del Plata,AR,-38.0023,-57.5575,64.87,76,40,4.0,scattered clouds,2022-02-08 01:39:06
209,Bambanglipuro,ID,-7.95,110.2833,82.54,70,100,4.27,overcast clouds,2022-02-08 01:39:06
210,Atar,MR,20.5169,-13.0499,70.88,10,94,6.64,overcast clouds,2022-02-08 01:39:06
211,Gizo,SB,-8.103,156.8419,84.6,74,100,9.69,light rain,2022-02-08 01:39:07
212,Saldanha,ZA,-33.0117,17.9442,63.9,97,49,12.66,scattered clouds,2022-02-08 01:39:08
213,Lhokseumawe,ID,5.1801,97.1507,79.29,79,99,3.58,overcast clouds,2022-02-08 01:39:09
214,Altamira,BR,-3.2033,-52.2064,72.73,98,82,1.41,broken clouds,2022-02-08 01:39:09
215,Awash,ET,8.9833,40.1667,68.38,63,57,1.41,broken clouds,2022-02-08 01:39:10
216,Taoudenni,ML,22.6783,-3.9836,66.27,13,0,11.63,clear sky,2022-02-08 01:39:10
217,Arman,RU,59.7,150.1667,10.02,72,99,7.05,overcast clouds,2022-02-08 01:39:11
218,Pontal Do Parana,BR,-25.6533,-48.5128,77.72,90,81,4.43,broken clouds,2022-02-08 01:39:12
219,Kruisfontein,ZA,-34.0033,24.7314,66.85,54,2,0.87,clear sky,2022-02-08 01:39:12
220,Mogadishu,SO,2.0371,45.3438,73.06,83,90,14.5,overcast clouds,2022-02-08 01:39:13
221,Neiafu,TO,-18.65,-173.9833,79.48,89,75,11.5,broken clouds,2022-02-08 01:39:14
222,Comodoro Rivadavia,AR,-45.8667,-67.5,85.86,13,0,19.57,clear sky,2022-02-08 01:39:14
223,Hilo,US,19.7297,-155.09,78.53,74,75,9.22,broken clouds,2022-02-08 01:39:15
224,Nuuk,GL,64.1835,-51.7216,2.01,78,75,10.36,broken clouds,2022-02-08 01:39:16
225,Clyde River,CA,70.4692,-68.5914,-36.17,67,100,5.75,overcast clouds,2022-02-08 01:39:16
226,Namatanai,PG,-3.6667,152.4333,85.86,66,75,6.55,broken clouds,2022-02-08 01:39:17
227,Khatra,IN,22.9833,86.85,61.57,55,0,2.35,clear sky,2022-02-08 01:39:17
228,Talnakh,RU,69.4865,88.3972,-14.8,95,95,9.78,overcast clouds,2022-02-08 01:39:19
229,Knysna,ZA,-34.0363,23.0471,66.58,56,0,1.54,clear sky,2022-02-08 01:39:20
230,Dicabisagan,PH,17.0818,122.4157,77.31,82,97,5.99,overcast clouds,2022-02-08 01:39:20
231,Vitim,RU,59.4511,112.5578,-0.44,94,100,6.69,overcast clouds,2022-02-08 01:39:21
232,Linguere,SN,15.3953,-15.1193,75.09,12,0,9.64,clear sky,2022-02-08 01:39:22
233,Laguna,US,38.421,-121.4238,69.78,44,0,4.61,clear sky,2022-02-08 01:39:23
234,Bengkulu,ID,-3.8004,102.2655,80.6,73,80,5.97,broken clouds,2022-02-08 01:39:23
235,Nalut,LY,30.3333,10.85,49.42,62,3,11.83,clear sky,2022-02-08 01:39:24
236,Ulaanbaatar,MN,47.9077,106.8832,-14.67,76,9,2.24,clear sky,2022-02-08 01:39:24
237,Sapouy,BF,11.5544,-1.7736,70.45,17,0,6.87,clear sky,2022-02-08 01:39:25
238,Naze,JP,28.3667,129.4833,67.12,77,18,13.6,few clouds,2022-02-08 01:39:26
239,Kaspiysk,RU,42.8816,47.6392,28.58,80,76,8.95,broken clouds,2022-02-08 01:39:26
240,Opuwo,NA,-18.0607,13.84,66.42,70,93,5.77,light rain,2022-02-08 01:39:27
241,Sorland,NO,67.667,12.6934,37.56,64,100,25.41,overcast clouds,2022-02-08 01:39:27
242,Steamboat Springs,US,40.485,-106.8317,27.9,75,0,8.05,clear sky,2022-02-08 01:35:36
243,Mount Isa,AU,-20.7333,139.5,85.77,54,41,13.8,scattered clouds,2022-02-08 01:39:28
244,Saint-Joseph,RE,-21.3667,55.6167,73.78,86,100,11.72,overcast clouds,2022-02-08 01:39:29
245,Noumea,NC,-22.2763,166.4572,84.99,99,54,18.07,broken clouds,2022-02-08 01:39:29
246,Oakham,GB,52.6667,-0.7333,50.14,79,20,16.11,few clouds,2022-02-08 01:39:30
247,Gravdal,NO,68.1214,13.5031,36.23,64,100,19.24,overcast clouds,2022-02-08 01:39:30
248,Port Augusta,AU,-32.5,137.7667,90.72,22,95,17.63,overcast clouds,2022-02-08 01:39:31
249,Mporokoso,ZM,-9.3727,30.125,59.54,96,100,2.19,light rain,2022-02-08 01:39:31
250,Rabak,SD,13.1809,32.74,66.24,23,8,8.1,clear sky,2022-02-08 01:35:48
251,Mehamn,NO,71.0357,27.8492,26.33,93,90,15.1,overcast clouds,2022-02-08 01:39:32
252,Thaba-Tseka,LS,-29.522,28.6084,50.52,87,7,1.7,clear sky,2022-02-08 01:39:33
253,Caravelas,BR,-17.7125,-39.2481,77.11,86,9,6.02,clear sky,2022-02-08 01:39:33
254,Vanimo,PG,-2.6741,141.3028,84.72,70,100,4.03,overcast clouds,2022-02-08 01:39:34
255,Hovd,MN,48.0056,91.6419,-12.39,67,5,2.91,clear sky,2022-02-08 01:39:34
256,Saint-Georges,GD,12.0564,-61.7485,78.48,83,40,11.5,scattered clouds,2022-02-08 01:39:23
257,Lodja,CD,-3.4833,23.4333,68.86,94,85,1.07,overcast clouds,2022-02-08 01:39:35
258,Arraial Do Cabo,BR,-22.9661,-42.0278,76.86,83,40,0.0,scattered clouds,2022-02-08 01:39:36
259,Port Keats,AU,-14.25,129.55,90.07,62,72,3.36,light rain,2022-02-08 01:39:37
260,Buin,CL,-33.7333,-70.75,76.73,54,0,3.2,clear sky,2022-02-08 01:39:37
261,Grindavik,IS,63.8424,-22.4338,30.67,80,75,46.04,light shower snow,2022-02-08 01:39:38
262,Alofi,NU,-19.0595,-169.9187,78.62,67,100,4.36,light rain,2022-02-08 01:39:38
263,Cartago,CO,4.7464,-75.9117,73.15,95,100,1.61,overcast clouds,2022-02-08 01:38:38
264,Malchevskaya,RU,49.0552,40.3625,31.73,98,100,13.58,snow,2022-02-08 01:39:39
265,Bubaque,GW,11.2833,-15.8333,76.8,70,3,8.46,clear sky,2022-02-08 01:39:40
266,Srednekolymsk,RU,67.45,153.6833,-33.39,96,74,4.63,broken clouds,2022-02-08 01:39:42
267,Aransas Pass,US,27.9095,-97.15,59.23,55,0,9.22,clear sky,2022-02-08 01:39:43
268,Luderitz,NA,-26.6481,15.1594,72.81,66,32,5.82,scattered clouds,2022-02-08 01:39:44
269,Vikindu,TZ,-7.0067,39.2985,80.24,83,40,10.36,scattered clouds,2022-02-08 01:39:45
270,Castro,BR,-24.7911,-50.0119,59.58,90,0,4.23,clear sky,2022-02-08 01:39:45
271,Puerto Carreno,CO,6.189,-67.4859,78.35,79,100,5.5,overcast clouds,2022-02-08 01:39:46
272,Lagoa,PT,39.05,-27.9833,59.09,66,58,7.61,broken clouds,2022-02-08 01:39:47
273,Dongsheng,CN,39.8161,109.9776,18.12,43,0,4.83,clear sky,2022-02-08 01:39:47
274,Changde,CN,29.0464,111.6783,35.58,85,65,5.26,light rain,2022-02-08 01:39:49
275,Manaus,BR,-3.1019,-60.025,79.29,94,75,3.44,broken clouds,2022-02-08 01:36:45
276,Campbellton,CA,48.0075,-66.6727,14.45,97,100,2.13,light snow,2022-02-08 01:39:52
277,Luanda,AO,-8.8368,13.2343,75.2,88,75,4.61,broken clouds,2022-02-08 01:39:53
278,Muli,MV,2.9167,73.5667,81.57,71,95,17.52,overcast clouds,2022-02-08 01:39:53
279,Boras,SE,57.721,12.9401,38.82,96,100,12.37,light rain,2022-02-08 01:39:54
280,Ust-Kuyga,RU,70.0167,135.6,-44.88,99,97,3.62,overcast clouds,2022-02-08 01:39:55
281,Colares,PT,38.7992,-9.4469,57.88,45,0,10.0,clear sky,2022-02-08 01:39:55
282,Poum,NC,-20.2333,164.0167,81.55,88,100,29.08,light rain,2022-02-08 01:39:56
283,Portsoy,GB,57.6814,-2.6896,46.89,72,22,15.01,few clouds,2022-02-08 01:39:56
284,Kaitangata,NZ,-46.2817,169.8464,58.93,75,0,7.27,clear sky,2022-02-08 01:39:57
285,Valparaiso,CL,-33.0393,-71.6273,66.47,76,75,6.91,broken clouds,2022-02-08 01:39:57
286,Salalah,OM,17.0151,54.0924,71.69,20,0,12.66,clear sky,2022-02-08 01:39:58
287,Penarroya-Pueblonuevo,ES,38.3,-5.2667,47.44,53,0,3.78,clear sky,2022-02-08 01:39:59
288,Cidreira,BR,-30.1811,-50.2056,68.14,74,3,9.26,clear sky,2022-02-08 01:39:59
289,Jiayuguan,CN,39.8167,98.3,18.93,69,39,2.42,scattered clouds,2022-02-08 01:40:00
290,Macapa,BR,0.0389,-51.0664,80.58,89,40,6.91,scattered clouds,2022-02-08 01:40:01
291,Lavrentiya,RU,65.5833,-171.0,-14.46,65,0,16.55,clear sky,2022-02-08 01:40:01
292,Marau,BR,-28.4492,-52.2,55.47,69,0,0.87,clear sky,2022-02-08 01:40:02
293,Kedrovyy,RU,56.1667,91.8167,7.21,99,100,3.13,overcast clouds,2022-02-08 01:40:03
294,Zhangye,CN,38.9342,100.4517,20.71,53,42,2.21,scattered clouds,2022-02-08 01:40:04
295,Tomatlan,MX,19.9333,-105.25,69.37,72,1,2.17,clear sky,2022-02-08 01:40:04
296,Sikonge,TZ,-5.6333,32.7667,62.49,91,96,2.46,overcast clouds,2022-02-08 01:40:05
297,Dukat,RU,62.55,155.55,-8.1,75,61,1.3,broken clouds,2022-02-08 01:40:06
298,Torbay,CA,47.6666,-52.7314,22.26,79,75,12.66,broken clouds,2022-02-08 01:35:32
299,Bumba,CD,2.1833,22.4667,67.71,41,16,1.86,few clouds,2022-02-08 01:40:07
300,Teya,RU,60.3778,92.6267,-20.7,100,99,2.08,overcast clouds,2022-02-08 01:40:07
301,High Level,CA,58.5169,-117.136,10.51,85,75,16.11,light snow,2022-02-08 01:40:08
302,Tuatapere,NZ,-46.1333,167.6833,62.82,45,0,6.85,clear sky,2022-02-08 01:40:08
303,Pinotepa Nacional,MX,16.3167,-98.0167,72.99,83,38,1.9,scattered clouds,2022-02-08 01:35:28
304,Amarpatan,IN,24.3167,80.9833,55.56,45,0,1.92,clear sky,2022-02-08 01:40:09
305,Ballina,AU,-28.8667,153.5667,77.04,69,75,6.91,broken clouds,2022-02-08 01:40:10
306,Bilma,NE,18.6853,12.9164,59.74,15,0,7.11,clear sky,2022-02-08 01:40:10
307,Tianpeng,CN,30.9866,103.9393,37.87,70,95,1.48,overcast clouds,2022-02-08 01:40:11
308,Matagami,CA,49.7502,-77.6328,5.11,85,75,2.3,broken clouds,2022-02-08 01:40:12
309,Coquimbo,CL,-29.9533,-71.3436,64.13,88,0,8.05,clear sky,2022-02-08 01:40:12
310,Totoral,PE,-17.4053,-70.365,62.91,72,99,2.51,overcast clouds,2022-02-08 01:40:13
311,Roebourne,AU,-20.7833,117.1333,87.3,64,61,10.83,broken clouds,2022-02-08 01:40:13
312,Eureka,US,40.8021,-124.1637,51.75,85,80,1.99,broken clouds,2022-02-08 01:40:14
313,Whitehorse,CA,60.7161,-135.0538,32.77,40,100,8.05,overcast clouds,2022-02-08 01:40:14
314,Valdepenas,ES,38.7621,-3.3848,43.09,65,0,3.27,clear sky,2022-02-08 01:37:30
315,Nelson Bay,AU,-32.7167,152.15,74.75,77,44,3.0,scattered clouds,2022-02-08 01:40:16
316,Cayenne,GF,4.9333,-52.3333,80.64,83,75,8.05,broken clouds,2022-02-08 01:40:17
317,Hami,CN,42.8,93.45,24.44,41,0,4.59,clear sky,2022-02-08 01:40:18
318,Moussoro,TD,13.6408,16.4901,62.76,14,8,11.74,clear sky,2022-02-08 01:40:18
319,Port Hardy,CA,50.6996,-127.4199,44.78,93,100,3.44,light rain,2022-02-08 01:40:19
320,Walvis Bay,NA,-22.9575,14.5053,70.09,94,100,5.75,light rain,2022-02-08 01:40:19
321,Buraydah,SA,26.326,43.975,46.85,36,0,4.83,clear sky,2022-02-08 01:40:20
322,Ambilobe,MG,-13.2,49.05,73.78,94,67,2.77,broken clouds,2022-02-08 01:40:20
323,Waiouru,NZ,-39.4833,175.6667,72.48,72,87,3.15,overcast clouds,2022-02-08 01:40:21
324,Hofn,IS,64.2539,-15.2082,33.51,73,100,37.89,light snow,2022-02-08 01:40:21
325,Husavik,IS,66.0449,-17.3389,26.51,88,94,12.73,overcast clouds,2022-02-08 01:40:22
326,Sosnytsya,UA,51.5239,32.4999,32.58,99,100,7.54,light snow,2022-02-08 01:40:23
327,Pervomayskiy,RU,53.2485,40.2871,31.14,98,100,10.76,snow,2022-02-08 01:40:23
328,Hamilton,US,39.1834,-84.5333,27.0,73,0,11.5,clear sky,2022-02-08 01:37:47
329,Minot,US,48.2325,-101.2963,39.42,60,0,11.5,clear sky,2022-02-08 01:36:35
330,Mazara Del Vallo,IT,37.6641,12.588,51.01,70,14,14.7,few clouds,2022-02-08 01:40:25
331,Luwuk,ID,-0.9516,122.7875,85.96,62,82,2.59,broken clouds,2022-02-08 01:40:26
332,Bud,US,39.447,-86.1758,21.74,86,45,3.47,scattered clouds,2022-02-08 01:40:26
333,Kulunda,RU,52.566,78.9385,18.01,96,98,5.77,overcast clouds,2022-02-08 01:40:27
334,Pringsewu,ID,-5.3582,104.9744,81.63,77,97,1.48,overcast clouds,2022-02-08 01:40:27
335,Malakal,SS,9.5334,31.6605,69.71,20,67,5.84,broken clouds,2022-02-08 01:40:28
336,Pevek,RU,69.7008,170.3133,-27.49,97,26,2.82,scattered clouds,2022-02-08 01:40:28
337,Dalbandin,PK,28.8947,64.4101,50.88,27,36,5.23,scattered clouds,2022-02-08 01:40:29
338,Turbat,PK,26.0023,63.044,61.12,76,2,0.4,clear sky,2022-02-08 01:40:29
339,Painesville,US,41.7245,-81.2457,30.87,81,100,13.8,overcast clouds,2022-02-08 01:40:30
340,Miri,MY,4.4148,114.0089,84.34,84,40,5.75,scattered clouds,2022-02-08 01:40:31
341,Matara,LK,5.9485,80.5353,75.67,86,94,3.87,overcast clouds,2022-02-08 01:40:31
342,Dudinka,RU,69.4058,86.1778,-14.39,99,100,10.6,overcast clouds,2022-02-08 01:40:32
343,Lafiagi,NG,8.8667,5.4167,76.01,18,3,3.0,clear sky,2022-02-08 01:40:33
344,Skovorodino,RU,53.9833,123.9167,2.48,75,17,1.86,few clouds,2022-02-08 01:40:33
345,Dalnerechensk,RU,45.9339,133.7225,7.52,91,95,7.05,overcast clouds,2022-02-08 01:36:40
346,Meulaboh,ID,4.1363,96.1285,79.45,75,100,4.18,overcast clouds,2022-02-08 01:40:35
347,Onalaska,US,43.8844,-91.2351,21.69,58,100,8.05,overcast clouds,2022-02-08 01:37:16
348,Thinadhoo,MV,0.5333,72.9333,82.09,67,100,12.55,overcast clouds,2022-02-08 01:40:36
349,Singapore,SG,1.2897,103.8501,78.75,83,75,8.05,broken clouds,2022-02-08 01:40:37
350,Pangnirtung,CA,66.1451,-65.7125,-19.55,94,100,5.46,overcast clouds,2022-02-08 01:40:37
351,Shelburne,CA,44.0787,-80.2041,28.26,93,100,8.39,overcast clouds,2022-02-08 01:40:38
352,Sagar,IN,23.8333,78.7167,58.14,38,0,1.63,clear sky,2022-02-08 01:40:39
353,Catamarca,AR,-28.4696,-65.7852,73.04,65,12,12.91,few clouds,2022-02-08 01:40:39
354,Xining,CN,36.6167,101.7667,13.73,75,83,1.25,broken clouds,2022-02-08 01:40:40
355,Huarmey,PE,-10.0681,-78.1522,71.28,79,100,7.54,overcast clouds,2022-02-08 01:40:41
356,Algiers,DZ,36.7525,3.042,40.82,93,20,2.3,few clouds,2022-02-08 01:39:38
357,Mayumba,GA,-3.432,10.6554,77.05,92,100,9.48,overcast clouds,2022-02-08 01:40:42
358,Mana,GF,5.6592,-53.7767,76.89,86,89,9.08,overcast clouds,2022-02-08 01:40:43
359,Santa Cruz Cabralia,BR,-16.2781,-39.0247,79.03,89,20,6.91,few clouds,2022-02-08 01:40:43
360,Kargil,IN,34.5667,76.1,-9.81,96,99,2.55,overcast clouds,2022-02-08 01:40:44
361,Corowa,AU,-36.0333,146.3833,78.58,30,0,5.99,clear sky,2022-02-08 01:40:44
362,Takoradi,GH,4.8845,-1.7554,78.4,90,80,5.97,broken clouds,2022-02-08 01:40:45
363,Kutum,SD,14.2,24.6667,49.8,25,0,5.84,clear sky,2022-02-08 01:40:45
364,Magadan,RU,59.5667,150.8,9.54,64,95,9.37,overcast clouds,2022-02-08 01:40:46
365,Trincomalee,LK,8.5711,81.2335,79.2,64,20,7.72,few clouds,2022-02-08 01:40:46
366,Moctezuma,MX,29.8,-109.6667,57.54,22,0,8.61,clear sky,2022-02-08 01:40:47
367,Igarka,RU,67.4667,86.5833,-31.27,100,53,5.28,broken clouds,2022-02-08 01:40:48
368,Kuytun,RU,54.3419,101.5036,7.27,93,100,6.67,overcast clouds,2022-02-08 01:40:48
369,Kimbe,PG,-5.5502,150.1429,85.26,70,90,4.14,light rain,2022-02-08 01:40:50
370,Madang,PG,-5.2246,145.7966,85.46,72,43,3.91,scattered clouds,2022-02-08 01:40:50
371,Isfana,KG,39.8386,69.5306,25.36,65,100,4.9,overcast clouds,2022-02-08 01:40:51
372,Marystown,CA,47.1666,-55.1483,26.85,100,100,13.62,overcast clouds,2022-02-08 01:40:52
373,Nishihara,JP,26.1842,127.7558,69.85,77,75,19.57,broken clouds,2022-02-08 01:40:52
374,Coihueco,CL,-36.6167,-71.8333,74.14,41,0,5.75,clear sky,2022-02-08 01:40:53
375,Ribeira Brava,PT,32.65,-17.0667,61.72,72,3,8.93,clear sky,2022-02-08 01:40:53
376,Roding,DE,49.1964,12.5186,36.34,90,96,8.97,overcast clouds,2022-02-08 01:40:54
377,Filadelfia,US,39.9523,-75.1638,37.54,94,100,5.75,light rain,2022-02-08 01:40:06
378,Dunmore East,IE,52.1514,-6.9861,53.78,92,72,21.7,broken clouds,2022-02-08 01:40:57
379,Saint-Augustin,CA,51.226,-58.6502,7.65,97,100,4.21,overcast clouds,2022-02-08 01:40:57
380,Fuyang,CN,32.9,115.8167,35.13,79,100,3.98,overcast clouds,2022-02-08 01:40:58
381,Kavieng,PG,-2.5744,150.7967,84.94,70,97,8.97,overcast clouds,2022-02-08 01:40:58
382,Iqaluit,CA,63.7506,-68.5145,-5.31,58,100,6.91,overcast clouds,2022-02-08 01:40:59
383,Lazaro Cardenas,MX,17.9583,-102.2,74.8,75,30,5.26,scattered clouds,2022-02-08 01:40:59
384,Bratsk,RU,56.1325,101.6142,-1.66,96,98,5.46,overcast clouds,2022-02-08 01:41:00
385,Chicama,PE,-7.8447,-79.1469,66.74,71,86,7.09,overcast clouds,2022-02-08 01:41:00
386,Bukama,CD,-9.2,25.85,68.23,98,100,1.66,overcast clouds,2022-02-08 01:41:02
387,Tucuma,BR,-0.1833,-50.05,75.67,92,100,4.36,overcast clouds,2022-02-08 01:41:02
388,Ancud,CL,-41.8697,-73.8203,62.42,92,100,6.06,overcast clouds,2022-02-08 01:41:03
389,Dingle,PH,10.9995,122.6711,83.21,71,29,12.06,scattered clouds,2022-02-08 01:41:03
390,Malatya,TR,38.5,38.0,30.25,80,75,4.61,broken clouds,2022-02-08 01:41:04
391,Hervey Bay,AU,-25.2986,152.8535,87.04,63,1,5.99,clear sky,2022-02-08 01:41:05
392,Dillon,US,34.4166,-79.3712,43.83,93,100,8.3,moderate rain,2022-02-08 01:37:55
393,Nago,JP,26.5881,127.9761,70.65,77,93,16.13,overcast clouds,2022-02-08 01:41:06
394,Koslan,RU,63.4564,48.8989,8.31,98,100,4.21,overcast clouds,2022-02-08 01:41:06
395,Bethel,US,41.3712,-73.414,36.93,92,100,0.0,mist,2022-02-08 01:41:07
396,Humaita,BR,-7.5061,-63.0208,74.71,89,73,0.4,broken clouds,2022-02-08 01:41:07
397,Bhopal,IN,23.2667,77.4,52.03,93,1,0.0,haze,2022-02-08 01:41:08
398,Togur,RU,58.3631,82.8265,-20.16,100,7,4.32,clear sky,2022-02-08 01:37:37
399,Bathsheba,BB,13.2167,-59.5167,76.55,72,60,15.41,broken clouds,2022-02-08 01:41:09
400,Nieuw Amsterdam,SR,5.8833,-55.0833,79.02,88,63,7.9,broken clouds,2022-02-08 01:41:09
401,Znamenskoye,RU,57.1281,73.8282,3.47,93,6,7.36,clear sky,2022-02-08 01:41:10
402,Witu,KE,-2.3889,40.4382,77.16,95,62,4.03,broken clouds,2022-02-08 01:41:10
403,Mendi,PG,-6.1761,143.6513,71.98,59,100,4.7,overcast clouds,2022-02-08 01:41:11
404,Yar-Sale,RU,66.8333,70.8333,0.95,88,100,16.31,overcast clouds,2022-02-08 01:41:11
405,Hibbing,US,47.4272,-92.9377,13.86,46,0,3.44,clear sky,2022-02-08 01:36:41
406,Tual,ID,-5.6667,132.75,83.07,76,32,5.95,scattered clouds,2022-02-08 01:41:12
407,Bonnyville,CA,54.2668,-110.735,41.63,73,10,17.38,clear sky,2022-02-08 01:41:13
408,Huanren,CN,41.2647,125.3667,21.83,59,7,0.58,clear sky,2022-02-08 01:41:13
409,Antofagasta,CL,-23.65,-70.4,65.48,77,10,4.0,clear sky,2022-02-08 01:37:09
410,Beroroha,MG,-21.6667,45.1667,74.57,89,100,10.96,light rain,2022-02-08 01:41:14
411,Susehri,TR,40.1644,38.0867,15.08,87,47,3.4,scattered clouds,2022-02-08 01:41:15
412,Saryozek,KZ,44.3583,77.9753,17.92,92,100,2.37,overcast clouds,2022-02-08 01:41:15
413,Michigan City,US,41.7075,-86.895,25.0,79,100,6.91,overcast clouds,2022-02-08 01:41:16
414,Kudat,MY,6.8837,116.8477,82.33,83,20,3.44,few clouds,2022-02-08 01:41:16
415,West Bay,KY,19.3667,-81.4167,77.07,85,20,4.61,few clouds,2022-02-08 01:41:17
416,Guasdualito,VE,7.2424,-70.7324,84.2,58,40,3.44,scattered clouds,2022-02-08 01:41:18
417,Haines Junction,CA,60.7522,-137.5108,33.75,44,100,3.44,overcast clouds,2022-02-08 01:41:18
418,Chillicothe,US,39.3331,-82.9824,32.49,68,0,9.22,clear sky,2022-02-08 01:41:19
419,Carman,CA,49.4992,-98.0016,20.32,92,100,9.22,overcast clouds,2022-02-08 01:41:19
420,Bandarbeyla,SO,9.4942,50.8122,74.61,67,0,15.61,clear sky,2022-02-08 01:41:21
421,Lasa,IT,46.6166,10.7002,29.66,52,1,9.06,clear sky,2022-02-08 01:41:22
422,Moldava Nad Bodvou,SK,48.6143,20.9996,37.72,56,40,6.91,scattered clouds,2022-02-08 01:41:23
423,Gravelbourg,CA,49.8834,-106.5512,41.27,77,3,9.95,clear sky,2022-02-08 01:41:24
424,Orange Cove,US,36.6244,-119.3137,69.85,45,0,3.0,clear sky,2022-02-08 01:41:24
425,Maniitsoq,GL,65.4167,-52.9,1.13,84,100,7.36,light snow,2022-02-08 01:41:25
426,Wahiawa,US,21.5028,-158.0236,75.52,65,100,12.66,overcast clouds,2022-02-08 01:41:26
427,Rodionovo-Nesvetayskaya,RU,47.6103,39.7121,38.55,92,100,10.63,overcast clouds,2022-02-08 01:41:27
428,Mancio Lima,BR,-7.6142,-72.8958,70.32,99,83,2.62,broken clouds,2022-02-08 01:41:28
429,San Andres,CO,12.5847,-81.7006,78.82,73,20,6.91,few clouds,2022-02-08 01:41:29
430,Zambezi,ZM,-13.5432,23.1047,64.45,98,100,2.91,light rain,2022-02-08 01:41:29
431,The Valley,AI,18.217,-63.0578,77.09,69,35,18.5,scattered clouds,2022-02-08 01:41:30
432,Cap Malheureux,MU,-19.9842,57.6142,75.69,85,100,3.0,overcast clouds,2022-02-08 01:41:31
433,Kamaishi,JP,39.2667,141.8833,31.15,53,100,11.99,overcast clouds,2022-02-08 01:41:31
434,Atbasar,KZ,51.8,68.3333,-0.67,100,86,5.39,overcast clouds,2022-02-08 01:41:32
435,Punto Fijo,VE,11.6956,-70.1996,78.76,82,48,22.7,scattered clouds,2022-02-08 01:41:33
436,Arlit,NE,18.7369,7.3853,61.93,12,0,7.52,clear sky,2022-02-08 01:41:33
437,Grande Prairie,CA,55.1667,-118.8027,39.38,60,20,20.71,few clouds,2022-02-08 01:39:41
438,Rawson,AR,-43.3002,-65.1023,82.6,22,0,28.99,clear sky,2022-02-08 01:41:35
439,Komsomolskiy,UZ,40.4272,71.7189,36.32,87,100,4.61,mist,2022-02-08 01:41:37
440,Bjelovar,HR,45.8986,16.8489,40.69,64,14,9.69,few clouds,2022-02-08 01:41:38
441,Sur,OM,22.5667,59.5289,65.68,69,0,2.77,clear sky,2022-02-08 01:41:39
442,Novobirilyussy,RU,56.9514,90.6661,-9.69,100,100,2.89,overcast clouds,2022-02-08 01:41:40
443,Muros,ES,42.7762,-9.0603,48.83,85,8,5.7,clear sky,2022-02-08 01:41:40
444,Biak,ID,-0.9131,122.8766,83.57,63,70,1.19,broken clouds,2022-02-08 01:41:41
445,Dzhebariki-Khaya,RU,62.2167,135.8,-20.43,90,100,1.32,overcast clouds,2022-02-08 01:41:41
446,Lahat,ID,-3.8,103.5333,77.27,88,84,0.65,broken clouds,2022-02-08 01:41:42
447,Zharkent,KZ,44.1628,80.0,23.56,58,99,0.65,overcast clouds,2022-02-08 01:41:42
448,Wukari,NG,7.85,9.7833,71.8,22,48,5.39,scattered clouds,2022-02-08 01:41:43
449,Natal,BR,-5.795,-35.2094,81.25,78,20,9.22,few clouds,2022-02-08 01:40:53
450,Honolulu,US,21.3069,-157.8583,78.62,65,75,17.27,broken clouds,2022-02-08 01:40:18
451,Ugleuralskiy,RU,58.9534,57.5846,-3.42,97,99,3.69,overcast clouds,2022-02-08 01:41:44
452,Waddan,LY,29.1614,16.139,55.26,27,100,5.93,overcast clouds,2022-02-08 01:41:44
453,Salyan,AZ,39.5936,48.9805,38.61,78,2,5.77,clear sky,2022-02-08 01:41:45
454,Bereda,ES,43.2686,-7.5406,41.58,100,80,2.08,broken clouds,2022-02-08 01:41:46
455,Aberdeen,GB,57.1437,-2.0981,46.89,62,58,12.66,broken clouds,2022-02-08 01:40:21
456,Saint-Philippe,RE,-21.3585,55.7679,74.79,88,100,12.73,overcast clouds,2022-02-08 01:41:47
457,Kerteminde,DK,55.449,10.6577,42.33,88,100,23.71,overcast clouds,2022-02-08 01:41:47
458,Grand Gaube,MU,-20.0064,57.6608,75.6,85,100,3.0,overcast clouds,2022-02-08 01:41:48
459,Fairbanks,US,64.8378,-147.7164,-0.44,68,100,8.05,overcast clouds,2022-02-08 01:37:23
460,Alice Springs,AU,-23.7,133.8833,90.95,22,11,18.41,few clouds,2022-02-08 01:41:50
461,Tieli,CN,46.95,128.05,12.09,90,100,3.62,overcast clouds,2022-02-08 01:41:52
462,Krasnoselkup,RU,65.7,82.4667,-29.04,100,51,5.32,broken clouds,2022-02-08 01:41:53
463,Bershet,RU,57.7309,56.3783,7.86,100,66,2.75,broken clouds,2022-02-08 01:41:53
464,Atasu,KZ,48.6814,71.6433,1.51,100,93,3.71,overcast clouds,2022-02-08 01:41:54
465,Trelleborg,SE,55.3751,13.1569,39.15,92,84,19.77,broken clouds,2022-02-08 01:41:54
466,Barsovo,RU,61.1667,73.1667,-6.99,95,17,9.73,few clouds,2022-02-08 01:41:55
467,Port Moresby,PG,-9.4431,147.1797,89.02,55,40,3.44,haze,2022-02-08 01:41:56
468,Kilinochchi,LK,9.3961,80.3982,74.68,73,100,5.82,overcast clouds,2022-02-08 01:41:56
469,Flin Flon,CA,54.7682,-101.865,28.31,97,100,4.07,overcast clouds,2022-02-08 01:41:57
470,Tres Arroyos,AR,-38.3739,-60.2798,57.02,77,0,7.85,clear sky,2022-02-08 01:41:57
471,Salihorsk,BY,52.7876,27.5415,26.58,94,59,10.8,broken clouds,2022-02-08 01:41:58
472,Kenai,US,60.5544,-151.2583,25.09,86,100,16.11,light snow,2022-02-08 01:41:58
473,Casas Grandes,MX,30.3667,-107.95,42.44,34,0,8.59,clear sky,2022-02-08 01:41:59
474,Leningradskiy,RU,69.3833,178.4167,-26.91,93,4,4.79,clear sky,2022-02-08 01:41:59
475,Barra Do Bugres,BR,-15.0725,-57.1811,72.41,98,100,2.95,overcast clouds,2022-02-08 01:40:26
476,Erzin,TR,36.9559,36.2,46.92,75,95,4.12,overcast clouds,2022-02-08 01:42:00
477,Khash,IR,28.2211,61.2158,46.22,52,0,2.39,clear sky,2022-02-08 01:42:01
478,Vermilion,US,40.1667,-87.7506,20.55,82,0,0.0,clear sky,2022-02-08 01:42:01
479,Maragua,KE,-0.7833,37.1333,66.18,87,64,3.65,broken clouds,2022-02-08 01:42:02
480,Kalabo,ZM,-14.97,22.6814,63.82,96,59,4.7,broken clouds,2022-02-08 01:42:04
481,Ayagoz,KZ,47.9714,80.4392,3.67,100,100,2.35,overcast clouds,2022-02-08 01:42:04
482,Saint Marys,US,30.7305,-81.5465,50.22,89,100,0.0,overcast clouds,2022-02-08 01:42:05
483,Buala,SB,-8.145,159.5921,83.68,79,100,11.7,light rain,2022-02-08 01:42:05
484,Kinsale,IE,51.7075,-8.5306,51.24,93,75,10.36,broken clouds,2022-02-08 01:42:06
485,Formosa,AR,-26.1775,-58.1781,69.78,56,0,4.61,clear sky,2022-02-08 01:41:01
486,Bima,ID,-8.4667,118.7167,84.65,73,100,3.65,overcast clouds,2022-02-08 01:42:07
487,Dakar,SN,14.6937,-17.4441,70.68,77,0,12.48,clear sky,2022-02-08 01:40:58
488,Mogzon,RU,51.7435,111.9606,12.87,91,100,5.03,overcast clouds,2022-02-08 01:42:07
489,Umm Kaddadah,SD,13.6017,26.6876,54.27,28,0,13.02,clear sky,2022-02-08 01:42:09
490,Dunedin,NZ,-45.8742,170.5036,62.56,67,1,6.04,clear sky,2022-02-08 01:39:59
491,Morondava,MG,-20.2833,44.2833,80.2,82,100,18.05,moderate rain,2022-02-08 01:42:10
492,Galeras,CO,9.161,-75.0481,77.72,75,89,7.29,overcast clouds,2022-02-08 01:42:10
493,Gurun,MY,5.8172,100.4738,82.17,79,85,5.17,overcast clouds,2022-02-08 01:42:11
494,Pflugerville,US,30.4394,-97.62,52.38,52,40,5.75,scattered clouds,2022-02-08 01:40:42
495,Pemangkat,ID,1.1667,108.9667,76.03,92,100,5.7,overcast clouds,2022-02-08 01:42:12
496,Pa Sang,TH,18.5262,98.9394,75.34,52,12,0.81,few clouds,2022-02-08 01:42:12
497,Tres Barras,BR,-26.1064,-50.3222,58.57,92,5,2.01,clear sky,2022-02-08 01:42:13
498,Kuching,MY,1.55,110.3333,77.22,94,20,3.44,few clouds,2022-02-08 01:42:13
499,Wanaka,NZ,-44.7,169.15,74.1,47,2,4.0,clear sky,2022-02-08 01:42:14
500,Warri,NG,5.5167,5.75,76.24,86,4,3.47,clear sky,2022-02-08 01:42:14
501,Olafsvik,IS,64.8945,-23.7142,30.52,86,100,36.08,snow,2022-02-08 01:42:15
502,Sneek,NL,53.033,5.6589,47.95,95,100,15.01,overcast clouds,2022-02-08 01:42:15
503,Yining,CN,29.0361,114.5636,37.58,88,100,2.55,overcast clouds,2022-02-08 01:42:16
504,Havoysund,NO,70.9963,24.6622,31.08,64,47,16.17,scattered clouds,2022-02-08 01:42:16
505,Korla,CN,41.7597,86.1469,22.41,51,13,2.1,few clouds,2022-02-08 01:42:17
506,Turkistan,KZ,43.0,68.0,32.27,56,100,5.35,overcast clouds,2022-02-08 01:42:18
507,Pisco,PE,-13.7,-76.2167,69.03,88,0,1.43,clear sky,2022-02-08 01:42:19
508,Dangriga,BZ,16.9692,-88.2321,73.36,79,0,3.18,clear sky,2022-02-08 01:42:19
509,Ukiah,US,39.1502,-123.2078,66.56,36,0,5.75,clear sky,2022-02-08 01:42:20
510,Coria,ES,39.9879,-6.5377,46.45,69,0,5.01,clear sky,2022-02-08 01:42:21
511,Tumut,AU,-35.3,148.2167,74.39,35,6,7.11,clear sky,2022-02-08 01:42:21
512,Borger,NL,52.9233,6.7931,44.8,93,100,15.43,overcast clouds,2022-02-08 01:42:22
513,Paamiut,GL,61.994,-49.6678,5.41,95,100,19.91,light snow,2022-02-08 01:42:22
514,Ixtapa,MX,20.7,-105.2,72.63,78,0,11.5,clear sky,2022-02-08 01:42:23
515,Piacabucu,BR,-10.4056,-36.4344,78.37,81,3,8.55,clear sky,2022-02-08 01:42:24
516,Ashqelon,IL,31.6693,34.5715,52.41,66,13,5.64,few clouds,2022-02-08 01:42:24
517,Seoul,KR,37.5683,126.9778,31.57,59,0,2.3,clear sky,2022-02-08 01:37:27
518,Coari,BR,-4.085,-63.1414,73.44,98,100,1.54,overcast clouds,2022-02-08 01:42:25
519,Ranot,TH,7.7777,100.3213,80.83,74,100,2.44,overcast clouds,2022-02-08 01:42:26
520,Pudozh,RU,61.8099,36.5345,12.06,95,54,6.35,broken clouds,2022-02-08 01:42:26
521,Uray,RU,60.1247,64.7758,-3.69,99,36,6.31,scattered clouds,2022-02-08 01:42:27
522,Auki,SB,-8.7676,160.7034,81.64,84,100,11.05,heavy intensity rain,2022-02-08 01:42:28
523,Kedgwick,CA,47.6446,-67.3434,19.11,98,100,2.19,overcast clouds,2022-02-08 01:42:28
524,Santona,ES,43.4439,-3.4576,51.35,87,46,5.17,scattered clouds,2022-02-08 01:42:29
525,Upata,VE,8.0086,-62.3989,71.71,83,28,4.05,scattered clouds,2022-02-08 01:42:30
526,Itatinga,BR,-23.1017,-48.6158,63.36,95,33,6.26,scattered clouds,2022-02-08 01:42:30
527,Nouakchott,MR,18.0858,-15.9785,64.33,40,3,9.33,clear sky,2022-02-08 01:42:32
528,Ko Samui,TH,9.5357,99.9357,82.31,83,20,1.14,few clouds,2022-02-08 01:42:32
529,Champerico,GT,14.3,-91.9167,81.36,69,61,2.91,broken clouds,2022-02-08 01:42:33
530,Blagoyevo,RU,63.3667,47.9167,6.85,98,100,3.27,overcast clouds,2022-02-08 01:42:33
531,Petauke,ZM,-14.2426,31.3253,62.58,95,90,2.24,overcast clouds,2022-02-08 01:42:34
532,Kindu,CD,-2.95,25.95,69.28,91,100,2.68,overcast clouds,2022-02-08 01:42:34
533,Kavaratti,IN,10.5669,72.642,77.97,73,19,10.56,few clouds,2022-02-08 01:42:35
534,Humboldt,US,40.6665,-123.9178,46.6,80,43,2.24,scattered clouds,2022-02-08 01:42:35
535,Surt,LY,31.2089,16.5887,58.66,76,65,12.91,broken clouds,2022-02-08 01:42:36
536,Ifo,NG,6.8144,3.1958,78.42,89,97,2.48,overcast clouds,2022-02-08 01:42:36
537,San Jose,US,37.3394,-121.895,65.08,51,0,5.75,clear sky,2022-02-08 01:40:07
538,Palauig,PH,15.435,119.9045,84.16,63,89,1.81,overcast clouds,2022-02-08 01:42:38
539,Bojnurd,IR,37.4747,57.329,21.15,93,0,0.0,clear sky,2022-02-08 01:42:39
540,Jalu,LY,29.0331,21.5482,57.38,28,4,4.99,clear sky,2022-02-08 01:42:40
541,Maridi,SS,4.9158,29.4742,66.29,24,100,3.42,overcast clouds,2022-02-08 01:42:40
542,Gornyak,RU,50.9942,81.4661,3.88,94,32,4.59,scattered clouds,2022-02-08 01:42:40
543,Alta Floresta,BR,-9.8756,-56.0861,71.42,100,0,2.3,clear sky,2022-02-08 01:42:41
544,Leesburg,US,39.1157,-77.5636,39.76,79,100,1.01,overcast clouds,2022-02-08 01:40:51
545,Aguimes,ES,27.9054,-15.4461,66.83,30,0,6.91,clear sky,2022-02-08 01:42:41
546,Dwarka,IN,22.2394,68.9678,68.63,78,0,6.6,clear sky,2022-02-08 01:42:42
547,Goderich,CA,43.7501,-81.7165,29.21,86,99,10.36,overcast clouds,2022-02-08 01:42:42
548,Isangel,VU,-19.55,169.2667,81.66,89,100,19.82,overcast clouds,2022-02-08 01:42:43
549,El Dorado,US,38.7666,-120.5177,58.86,55,1,3.0,clear sky,2022-02-08 01:42:43
550,Diamantino,BR,-14.4086,-56.4461,73.2,95,100,2.71,overcast clouds,2022-02-08 01:42:44
551,Novomykolayivka,UA,47.9781,35.9102,39.45,94,100,9.35,overcast clouds,2022-02-08 01:42:45
552,Strezhevoy,RU,60.7333,77.5889,-9.02,99,9,5.17,clear sky,2022-02-08 01:42:45
553,Fort-Shevchenko,KZ,44.5086,50.263,35.46,75,100,8.39,overcast clouds,2022-02-08 01:42:46
554,Kachug,RU,53.9606,105.8817,4.41,95,94,3.56,overcast clouds,2022-02-08 01:42:46
555,Chitral,PK,35.8462,71.7858,26.42,67,100,5.84,overcast clouds,2022-02-08 01:42:47
556,Assiniboia,CA,49.6334,-105.9845,44.51,56,0,26.46,clear sky,2022-02-08 01:42:47
557,Phonhong,LA,18.5007,102.4166,69.62,55,12,2.55,few clouds,2022-02-08 01:42:48
558,Elko,US,41.0002,-115.5012,44.62,56,5,2.84,clear sky,2022-02-08 01:42:48
559,Verkhoyansk,RU,67.5447,133.385,-37.84,98,97,1.86,overcast clouds,2022-02-08 01:42:49
560,Tyrma,RU,50.0833,132.1667,0.97,90,99,1.48,overcast clouds,2022-02-08 01:42:49
561,Wamba,NG,8.9333,8.6,71.06,20,39,3.6,scattered clouds,2022-02-08 01:42:50
562,Lubao,PH,14.9167,120.55,85.14,63,97,11.77,overcast clouds,2022-02-08 01:42:50
563,Adet,ET,11.2644,37.4888,57.36,62,86,2.28,overcast clouds,2022-02-08 01:42:51
564,Artsvaberd,AM,40.8336,45.4711,24.66,56,9,5.77,clear sky,2022-02-08 01:42:51
565,Albanel,CA,48.8832,-72.4487,14.14,85,100,3.44,overcast clouds,2022-02-08 01:42:52
566,Geraldton,AU,-28.7667,114.6,73.13,43,0,18.41,clear sky,2022-02-08 01:42:52
567,Abu Samrah,SY,35.3029,37.1841,50.29,87,100,4.76,overcast clouds,2022-02-08 01:42:53
568,Mouila,GA,-1.8685,11.0559,73.17,96,100,2.48,overcast clouds,2022-02-08 01:42:54
569,Ortakoy,TR,38.7373,34.0387,37.65,74,22,14.72,few clouds,2022-02-08 01:42:54
570,Butterworth,MY,5.3991,100.3638,82.44,91,20,5.01,few clouds,2022-02-08 01:42:55
571,Marshall,US,34.3834,-86.3333,44.65,61,0,4.61,clear sky,2022-02-08 01:42:55
572,Kununurra,AU,-15.7667,128.7333,84.18,79,100,6.91,overcast clouds,2022-02-08 01:42:56
573,Ponta Delgada,PT,37.7333,-25.6667,60.49,72,75,8.05,broken clouds,2022-02-08 01:42:56
574,Macon,US,39.8667,-88.9668,21.65,68,100,3.44,overcast clouds,2022-02-08 01:42:57
575,Moses Lake,US,47.1301,-119.2781,47.61,80,0,0.0,clear sky,2022-02-08 01:42:58
576,De Aar,ZA,-30.6497,24.0123,71.4,49,2,0.72,clear sky,2022-02-08 01:42:58
577,Funes,AR,-32.9157,-60.81,66.11,68,0,6.91,clear sky,2022-02-08 01:42:59
578,San Ciro De Acosta,MX,21.6333,-99.8167,48.0,90,100,6.08,overcast clouds,2022-02-08 01:42:59
579,Camopi,GF,3.1655,-52.3158,72.25,99,100,2.19,overcast clouds,2022-02-08 01:43:00
580,Kysyl-Syr,RU,63.8986,122.7617,-22.92,96,100,3.58,overcast clouds,2022-02-08 01:43:00
581,Maroantsetra,MG,-15.4333,49.7333,74.98,85,57,5.46,broken clouds,2022-02-08 01:43:01
582,Cedar City,US,37.6775,-113.0619,45.57,27,0,0.0,clear sky,2022-02-08 01:43:02
583,Safipur,IN,26.7333,80.35,51.71,72,1,1.52,clear sky,2022-02-08 01:43:02
584,Namie,JP,37.4833,141.0,41.99,50,100,2.04,overcast clouds,2022-02-08 01:43:03
585,Ust-Nera,RU,64.5667,143.2,-17.93,82,55,1.59,broken clouds,2022-02-08 01:43:04
586,Uyemskiy,RU,64.4743,40.8524,17.65,93,100,4.47,overcast clouds,2022-02-08 01:43:04
587,Wawa,NG,9.9022,4.4192,75.25,25,3,5.5,clear sky,2022-02-08 01:43:05
588,Ust-Tsilma,RU,65.441,52.1498,8.1,96,100,4.52,overcast clouds,2022-02-08 01:43:05
589,San Cristobal,VE,7.7669,-72.225,71.78,81,88,1.59,overcast clouds,2022-02-08 01:43:06
590,Ketchikan,US,55.3422,-131.6461,41.47,81,100,12.66,overcast clouds,2022-02-08 01:43:06
591,Tselinnoye,RU,53.0833,85.6667,-5.42,100,61,1.77,broken clouds,2022-02-08 01:43:07
592,Ndele,CF,8.4109,20.6473,68.05,15,100,8.05,overcast clouds,2022-02-08 01:43:07
593,Brzesko,PL,49.9691,20.6061,37.85,84,100,4.0,overcast clouds,2022-02-08 01:43:08
594,Kumburgaz,TR,41.0211,28.4772,49.91,94,100,14.52,light rain,2022-02-08 01:43:08
595,Maceio,BR,-9.6658,-35.7353,76.44,83,20,3.44,few clouds,2022-02-08 01:43:09
596,Roald,NO,62.5833,6.1333,42.94,81,100,24.16,overcast clouds,2022-02-08 01:43:09
597,Beyneu,KZ,45.3167,55.2,27.84,94,100,7.67,overcast clouds,2022-02-08 01:43:10
598,Sinnamary,GF,5.3833,-52.95,76.69,88,100,9.24,overcast clouds,2022-02-08 01:43:11
599,Aasiaat,GL,68.7098,-52.8699,0.34,91,100,11.88,light snow,2022-02-08 01:43:11
600,Peddapuram,IN,17.0833,82.1333,69.89,81,3,3.6,clear sky,2022-02-08 01:43:12
601,Port Lincoln,AU,-34.7333,135.8667,72.46,63,100,8.81,overcast clouds,2022-02-08 01:43:12
602,Chipinge,ZW,-20.1883,32.6236,58.1,94,29,0.4,scattered clouds,2022-02-08 01:43:13
603,Ostrovnoy,RU,68.0531,39.5131,16.83,91,100,18.99,overcast clouds,2022-02-08 01:43:13
604,Cairo,EG,30.0626,31.2497,54.36,57,0,6.91,clear sky,2022-02-08 01:41:46
605,Windhoek,NA,-22.5594,17.0832,68.11,77,76,4.61,broken clouds,2022-02-08 01:41:33
606,Adamas,GR,36.7333,24.4333,56.62,78,2,33.38,clear sky,2022-02-08 01:43:16
607,Byron Bay,AU,-28.65,153.6167,81.05,57,49,11.34,scattered clouds,2022-02-08 01:43:16
608,Vysokogornyy,RU,50.1167,139.15,1.74,87,99,5.55,overcast clouds,2022-02-08 01:43:17
609,North Branch,US,45.5113,-92.9802,17.67,74,8,6.58,clear sky,2022-02-08 01:43:17
610,Kamakwie,SL,9.5,-12.2333,71.46,84,80,3.6,broken clouds,2022-02-08 01:43:19
611,Korem,ET,12.5058,39.5228,50.36,88,96,4.61,overcast clouds,2022-02-08 01:43:20
612,Rosario,AR,-32.9468,-60.6393,66.11,68,0,6.91,clear sky,2022-02-08 01:42:22
613,Harper,LR,4.375,-7.7169,77.74,86,98,4.68,light rain,2022-02-08 01:43:21
614,Haverfordwest,GB,51.8017,-4.9691,52.05,86,99,10.0,overcast clouds,2022-02-08 01:43:21
615,Bulgan,MN,48.8125,103.5347,6.89,76,100,3.96,overcast clouds,2022-02-08 01:43:22
616,Sumbe,AO,-11.2061,13.8437,75.2,82,100,5.66,overcast clouds,2022-02-08 01:43:22
617,Sivaki,RU,52.6333,126.75,2.05,84,17,2.15,few clouds,2022-02-08 01:43:23
618,Kachiry,KZ,53.0675,76.1036,8.38,96,80,7.16,broken clouds,2022-02-08 01:43:23
619,Havelock,US,34.8791,-76.9013,44.92,94,100,5.99,overcast clouds,2022-02-08 01:43:24
620,Keuruu,FI,62.2667,24.7,28.54,99,87,2.55,overcast clouds,2022-02-08 01:43:24
621,Beloha,MG,-25.1667,45.05,79.54,70,100,24.63,overcast clouds,2022-02-08 01:43:25
622,Araouane,ML,18.9048,-3.5265,64.09,12,29,9.01,scattered clouds,2022-02-08 01:43:25
623,Chimbote,PE,-9.0853,-78.5783,70.92,77,100,7.81,overcast clouds,2022-02-08 01:39:20
624,Balkanabat,TM,39.5108,54.3671,39.78,65,1,5.12,clear sky,2022-02-08 01:43:26
625,Bowen,AU,-20.0167,148.2333,82.62,62,94,12.28,overcast clouds,2022-02-08 01:43:26
626,Tianmen,CN,30.6516,113.1603,35.49,82,74,8.72,broken clouds,2022-02-08 01:43:27
627,Leh,IN,34.1667,77.5833,-5.3,92,96,3.02,overcast clouds,2022-02-08 01:39:06
628,Amga,RU,60.8953,131.9608,-16.92,94,99,0.25,overcast clouds,2022-02-08 01:43:29
629,Celestun,MX,20.8667,-90.4,72.52,85,28,13.22,scattered clouds,2022-02-08 01:43:29
630,Maumere,ID,-8.6199,122.2111,84.34,72,89,3.11,overcast clouds,2022-02-08 01:43:30
631,Mercedes,AR,-34.6515,-59.4307,67.84,74,0,5.41,clear sky,2022-02-08 01:43:30
632,Luau,AO,-10.7073,22.2247,62.49,98,100,2.95,light rain,2022-02-08 01:43:31
633,Topolobampo,MX,25.6,-109.05,68.05,67,0,13.42,clear sky,2022-02-08 01:43:31
634,Gobabis,NA,-22.45,18.9667,70.81,55,95,6.08,overcast clouds,2022-02-08 01:43:32
635,Santa Cruz Del Sur,CU,20.7147,-77.9956,74.28,71,11,10.85,moderate rain,2022-02-08 01:43:32
636,Contai,IN,21.7786,87.7536,66.07,73,5,1.99,clear sky,2022-02-08 01:43:33
637,Kamariotissa,GR,40.4833,25.4667,55.45,89,100,24.99,overcast clouds,2022-02-08 01:43:33
638,Kupang,ID,-10.1667,123.5833,84.31,73,68,3.22,broken clouds,2022-02-08 01:43:35
639,Ouesso,CG,1.6136,16.0517,65.89,40,8,1.36,clear sky,2022-02-08 01:43:35
640,Dumas,US,35.8656,-101.9732,45.82,51,0,9.22,clear sky,2022-02-08 01:43:36
641,Takab,IR,36.4009,47.1133,13.93,89,68,3.8,broken clouds,2022-02-08 01:43:37
642,Butler,US,39.4501,-84.5666,25.72,79,0,9.22,clear sky,2022-02-08 01:43:37
643,Owando,CG,-0.4819,15.8999,70.95,36,19,0.69,few clouds,2022-02-08 01:43:38
644,Rotterdam,NL,51.9225,4.4792,48.9,84,100,17.27,overcast clouds,2022-02-08 01:43:38
645,Matadi,CD,-5.8167,13.45,73.99,97,72,1.77,broken clouds,2022-02-08 01:43:39
646,Shobara,JP,34.85,133.0167,43.9,49,55,2.73,broken clouds,2022-02-08 01:43:39
647,Nichinan,JP,31.6,131.3667,42.48,88,99,8.88,overcast clouds,2022-02-08 01:43:40
648,Cockburn Town,TC,21.4612,-71.1419,76.96,69,40,16.11,scattered clouds,2022-02-08 01:43:40
649,Agirish,RU,61.9247,63.0231,-11.0,100,100,3.44,overcast clouds,2022-02-08 01:43:41
650,Suntar,RU,62.1444,117.6319,-9.81,95,100,7.31,overcast clouds,2022-02-08 01:43:42
651,Hecun,CN,36.5333,114.1111,38.95,42,44,3.06,scattered clouds,2022-02-08 01:43:43
652,San Diego De La Union,MX,21.4667,-100.8667,52.09,78,91,8.12,overcast clouds,2022-02-08 01:43:43
653,Esil,KZ,51.9556,66.4042,9.21,97,55,10.89,broken clouds,2022-02-08 01:43:44
654,Charyshskoye,RU,51.3978,83.5598,8.17,82,98,4.7,overcast clouds,2022-02-08 01:43:44
655,Ulagan,RU,50.6321,87.9563,-5.6,84,100,1.28,overcast clouds,2022-02-08 01:43:45
656,Alencon,FR,48.4333,0.0833,45.88,88,100,4.68,overcast clouds,2022-02-08 01:43:45
657,Rexburg,US,43.826,-111.7897,22.26,68,0,0.0,clear sky,2022-02-08 01:40:17
658,Cyangugu,RW,-2.4846,28.9075,59.86,96,100,0.83,light rain,2022-02-08 01:43:46
659,Ahipara,NZ,-35.1667,173.1667,76.37,92,63,6.82,broken clouds,2022-02-08 01:43:46
660,Ahuimanu,US,21.4447,-157.8378,78.51,67,40,17.27,scattered clouds,2022-02-08 01:43:47
661,Bardiyah,LY,31.7561,25.0865,55.78,50,78,16.91,broken clouds,2022-02-08 01:43:48
662,Livingstone,ZM,-17.8419,25.8543,62.44,96,5,4.0,clear sky,2022-02-08 01:43:49
663,Garmsar,IR,35.2182,52.3409,38.93,51,0,2.59,clear sky,2022-02-08 01:43:50
664,Vila Franca Do Campo,PT,37.7167,-25.4333,60.19,73,100,7.72,overcast clouds,2022-02-08 01:43:51
665,Blacksburg,US,37.2296,-80.4139,35.87,89,0,0.0,clear sky,2022-02-08 01:40:09
666,Bucak,TR,37.4592,30.595,46.92,99,100,3.42,overcast clouds,2022-02-08 01:43:52
667,Sibu,MY,2.3,111.8167,79.11,88,40,3.44,scattered clouds,2022-02-08 01:43:52
668,Xam Nua,LA,20.4197,104.0439,66.15,70,20,2.42,few clouds,2022-02-08 01:43:53
669,Centralia,US,46.7162,-122.9543,48.85,83,75,0.0,broken clouds,2022-02-08 01:43:54
670,Nisia Floresta,BR,-6.0911,-35.2086,81.41,75,9,7.16,clear sky,2022-02-08 01:43:55
671,Sabha,LY,27.0377,14.4283,54.82,19,43,7.49,scattered clouds,2022-02-08 01:43:56
672,Kitimat,CA,54.0524,-128.6534,41.92,54,100,5.84,overcast clouds,2022-02-08 01:43:56
673,Te Anau,NZ,-45.4167,167.7167,70.02,42,0,3.38,clear sky,2022-02-08 01:43:57
674,Ewa Beach,US,21.3156,-158.0072,80.55,55,100,17.27,overcast clouds,2022-02-08 01:43:57
675,Remanso,BR,-9.6179,-42.0831,78.37,61,88,2.3,overcast clouds,2022-02-08 01:43:58
676,Hargeysa,SO,9.56,44.065,57.38,98,43,10.67,scattered clouds,2022-02-08 01:43:58
677,Oshikango,NA,-17.4,15.8833,69.69,84,100,3.85,light rain,2022-02-08 01:43:59
678,Alanya,TR,36.5438,31.9998,53.73,88,100,15.57,overcast clouds,2022-02-08 01:44:00
679,Abha,SA,18.2164,42.5053,48.02,76,0,0.0,clear sky,2022-02-08 01:41:52
680,Miles City,US,46.4083,-105.8406,50.5,39,0,13.8,clear sky,2022-02-08 01:44:00
681,Saint Anthony,US,45.0205,-93.218,17.53,71,0,8.05,clear sky,2022-02-08 01:44:01
682,Nicoya,CR,10.1483,-85.452,78.35,68,67,3.24,broken clouds,2022-02-08 01:42:25
683,Dali,CN,25.7,100.1833,44.94,56,0,4.94,clear sky,2022-02-08 01:44:02
684,Sioux Lookout,CA,50.1001,-91.917,12.58,79,100,10.36,overcast clouds,2022-02-08 01:44:02
685,Abu Kamal,SY,34.4506,40.9171,54.05,51,90,9.22,overcast clouds,2022-02-08 01:44:02
686,Paraiso,CR,9.8383,-83.8656,67.06,99,100,3.04,overcast clouds,2022-02-08 01:44:03
687,Karratha,AU,-20.7377,116.8463,87.91,62,71,7.9,broken clouds,2022-02-08 01:44:03
688,Sechura,PE,-5.5569,-80.8222,72.61,72,100,13.58,overcast clouds,2022-02-08 01:44:04
689,Port Hedland,AU,-20.3167,118.5667,75.25,100,40,16.11,light intensity drizzle,2022-02-08 01:44:05
690,Manta,EC,-0.95,-80.7333,76.78,83,75,2.3,broken clouds,2022-02-08 01:44:05
691,Rosoman,MK,41.5161,21.9497,40.28,70,100,17.78,overcast clouds,2022-02-08 01:44:06
692,Ossora,RU,59.2353,163.0719,11.25,90,99,8.05,overcast clouds,2022-02-08 01:44:06
693,Burns Lake,CA,54.2331,-125.7533,38.62,85,100,5.21,overcast clouds,2022-02-08 01:44:07
694,Moindou,NC,-21.6924,165.677,82.35,83,88,18.79,overcast clouds,2022-02-08 01:44:07
695,Raton,US,36.9034,-104.4391,34.41,44,0,6.91,clear sky,2022-02-08 01:44:07
